{
  "MasterDB": "/home/user/Documents/APISDK_python/API_TestSpace/DB/mmg_vehicleDB/vehicle_1591212247035377_master.db",
  "segments": [
  34030050, 34030404, 34030405, 34030407, 34030056, 34030057, 34030436, 34030059, 34030412, 34030413, 34030062, 34030063, 34030416, 34030414, 34030070, 34030007, 34030072, 34030073, 34030074, 34030076
  ],
  "divisions": [
    146157951831244801,
    146157977601048577,
    146157990485950465,
    146158003370852353,
    146158007665819649,
    146158037730590721,
    146158037730590722,
    146158046320525313,
    146158050615492609,
    146158050615492610,
    146158054910459905,
    146158054910459906,
    146158063500394497,
    146159472249667585,
    146159476544634881,
    146159476544634882,
    146159476544634883,
    146159476544634884,
    146159476544634885,
    146159485134569473,
    146159506609405953,
    146159510904373249,
    146159515199340545,
    146159515199340546,
    146159523789275137,
    146159523789275138,
    146159609688621057,
    146159609688621058
  ],
  "constructor": {
    "dbPath": "../DB/mmg_vehicleDB",
    "tolerantTime": 1000,
    "initPosition": [
      10.107422,
      47.955322,
      0
    ]
  },
  "updatePosition": [
    {
      "divisionId": [],
      "layer": 0,
      "position": [
        10.112242,
        47.963764,
        0
      ],
      "expectedResult": {
        "getCachedSegmentIDs": [34030007, 34030050, 34030056, 34030057],
        "getPassedDivisionIDs": [146157951831244801, 146157977601048577, 146157990485950465]
       }
    },
    {"divisionId": [146157977601048577],
      "layer": 1,
      "position": [
        10.115899,
        47.968816,
        0
      ],
      "expectedResult": {
        "getCachedSegmentIDs": [34030007, 34030050, 34030056, 34030057, 34030059],
        "getPassedDivisionIDs": [146157951831244801, 146158003370852353, 146157977601048577, 146157990485950465]
      }
    },
    {
      "divisionId": [146157990485950465],
      "layer": 2,
      "position": [
        10.120895,
        47.975550,
        0
      ],
      "expectedResult": {
        "getCachedSegmentIDs": [34030050, 34030056, 34030057, 34030059, 34030062],
        "getPassedDivisionIDs": [146157951831244801, 146158003370852353, 146159472249667585, 146157977601048577, 146157990485950465]
      }
    },
    {
      "divisionId": [146158003370852353],
      "layer": 0,
      "position": [
        10.126179,
        47.981714,
        0
      ],
      "expectedResult": {
        "getCachedSegmentIDs": [34030056, 34030057, 34030059, 34030062, 34030404],
        "getPassedDivisionIDs": [146157977601048577, 146159472249667585, 146159476544634885, 146157990485950465, 146158003370852353]
      }
    },
    {
      "divisionId": [146158007665819649],
      "layer": 0,
      "position": [
        10.131723,
        47.986641,
        0
      ],
      "expectedResult": {
        "getCachedSegmentIDs": [34030057, 34030059, 34030062, 34030063, 34030404, 34030405],
        "getPassedDivisionIDs": [146157990485950465, 146158054910459906, 146159472249667585, 146159476544634881,
          146158003370852353, 146158007665819649, 146159476544634882, 146159476544634883, 146159476544634884,
          146159476544634885, 146159485134569473, 146159523789275138]
      }
    },
    {
      "divisionId": [146158037730590721],
      "layer": 0,
      "position": [
        10.136835,
        47.990079,
        0
      ],
      "expectedResult": {
        "getCachedSegmentIDs": [34030059, 34030062, 34030063, 34030404, 34030405, 34030407],
        "getPassedDivisionIDs": [146157990485950465, 146158054910459906, 146159472249667585, 146159476544634881,
          146158003370852353, 146158007665819649, 146159476544634882, 146159476544634883, 146159476544634884,
          146159476544634885, 146159485134569473, 146159510904373249, 146159523789275138]
      }
    },
    {
      "divisionId": [146158037730590722],
      "layer": 0,
      "position": [
        10.143245,
        47.993379,
        0
      ],
      "expectedResult": {
        "getCachedSegmentIDs": [34030062, 34030063, 34030074, 34030404, 34030405, 34030407, 34030416],
        "getPassedDivisionIDs": [146158003370852353, 146158054910459906, 146158054910459905, 146159472249667585,
          146158007665819649, 146158046320525313, 146159476544634881, 146159476544634882, 146159476544634883,
          146159476544634884, 146159476544634885, 146159485134569473, 146159510904373249, 146159523789275137,
          146159523789275138]
      }
    },
    {
      "divisionId": [146158046320525313],
      "layer": 0,
      "position": [
        10.149115,
        47.994529,
        0
      ],
      "expectedResult": {
        "getCachedSegmentIDs": [34030062, 34030063, 34030074, 34030404, 34030405, 34030407, 34030416
        ],
        "getPassedDivisionIDs": [146158003370852353, 146158054910459906, 146158054910459905, 146159472249667585,
          146158007665819649, 146158046320525313, 146159476544634881, 146159476544634882, 146159476544634883,
          146159476544634884, 146159476544634885, 146159485134569473, 146159510904373249, 146159523789275137,
          146159523789275138]
      }
    },
    {
      "divisionId": [146158050615492609],
      "layer": 0,
      "position": [
        10.150386,
        47.990924,
        0
      ],
      "expectedResult": {
        "getCachedSegmentIDs": [34030062, 34030063, 34030074, 34030404, 34030405, 34030407, 34030416
        ],
        "getPassedDivisionIDs": [146158003370852353, 146158054910459906, 146158054910459905, 146159472249667585,
          146158007665819649, 146158046320525313, 146159476544634881, 146159476544634882, 146159476544634883,
          146159476544634884, 146159476544634885, 146159485134569473, 146159510904373249, 146159523789275137,
          146159523789275138]
      }
    },
    {
      "divisionId": [146158050615492610],
      "layer": 0,
      "position": [
        10.150786,
        47.985990,
        0
      ],
      "expectedResult": {
        "getCachedSegmentIDs": [34030062, 34030063, 34030072, 34030074, 34030404, 34030405, 34030416
        ],
        "getPassedDivisionIDs": [146159485134569473, 146158003370852353, 146158050615492610, 146159476544634883,
          146158007665819649, 146159476544634885, 146158046320525313, 146159472249667585,
          146159476544634882, 146158054910459906, 146159523789275137, 146159476544634881, 146158054910459905,
          146159523789275138, 146159476544634884]
      }
    },
    {
      "divisionId": [146158054910459905],
      "layer": 0,
      "position": [
        10.154248,
        47.979741,
        0
      ],
      "expectedResult": {
        "getCachedSegmentIDs": [34030063, 34030072, 34030073, 34030074, 34030405, 34030416
        ],
        "getPassedDivisionIDs": [146159523789275137, 146158007665819649, 146158054910459906, 146159476544634883,
          146158046320525313, 146159476544634885, 146158054910459905, 146159476544634881,
          146159476544634882, 146158050615492610, 146159485134569473, 146158050615492609, 146158037730590722,
          146159476544634884, 146159523789275138]
      }
    },
    {
      "divisionId": [146158054910459906],
      "layer": 0,
      "position": [
        10.159532,
        47.975637,
        0
      ],
      "expectedResult": {
        "getCachedSegmentIDs": [34030063, 34030072, 34030073, 34030074
        ],
        "getPassedDivisionIDs": [146158007665819649, 146158054910459906, 146158046320525313, 146158054910459905,
          146159476544634882, 146158050615492610, 146158050615492609, 146158037730590722]
      }
    },
    {
      "divisionId": [146158063500394497],
      "layer": 0,
      "position": [
        10.168965,
        47.971518,
        0
      ],
      "expectedResult": {
        "getCachedSegmentIDs": [34030070, 34030072, 34030073, 34030074, 34030076
        ],